{
	"shortName": "meteor showers data",
	"version": 1,
	"showers":
	{
		"AAR":
		{
			"designation": "Autumn Arietids",
			"activity":
			[
			{
				"year": "generic",
				"zhr": -1,
				"variable": "3-5",
				"start": "09.07",
				"finish": "10.27",
				"peak": "10.08"
			}
			],
			"radiantAlpha": "32",
			"radiantDelta": "8",
			"driftAlpha": "0.9",
			"driftDelta": "0.35"
		},
		"ACE":
		{
			"designation": "α-Centaurids",
			"activity":
			[
			{
				"year": "generic",
				"zhr": -1,
				"variable": "5-20",
				"start": "01.28",
				"finish": "02.21",
				"peak": "02.08"
			},
			{
				"year": "2015",
				"zhr": 6
			},
			{
				"year": "2014",
				"zhr": 6
			},
			{
				"year": "2013",
				"zhr": 6
			},
			{
				"year": "2012",
				"zhr": 6
			},
			{
				"year": "2011",
				"zhr": 6
			},
			{
				"year": "2010",
				"zhr": 6
			},
			{
				"year": "2008",
				"zhr": 5
			}
			],
			"speed": 56,
			"radiantAlpha": "210",
			"radiantDelta": "-59",
			"driftAlpha": "6.25",
			"driftDelta": "-1.5",
			"pidx": 2.0
		},
		"AMO":
		{
			"designation": "α-Monocerotids",
			"activity":
			[
			{
				"year": "generic",
				"zhr": 5,
				"start": "11.15",
				"finish": "11.25",
				"peak": "11.21"
			},
			{
				"year": "2014",
				"zhr": -1,
				"variable": "5-400"
			},
			{
				"year": "2013",
				"zhr": -1,
				"variable": "5-400"
			},
			{
				"year": "2012",
				"zhr": -1,
				"variable": "5-400"
			},
			{
				"year": "2011",
				"peak": "11.22"
			}
			],
			"speed": 65,
			"radiantAlpha": "117",
			"radiantDelta": "+1",
			"driftAlpha": "0.8",
			"driftDelta": "1",
			"pidx": 2.4
		},
		"AND":
		{
			"designation": "Andromedids",
			"activity":
			[
			{
				"year": "generic",
				"zhr": 3,
				"start": "09.25",
				"finish": "12.06",
				"peak": "11.09"
			},
			{
				"year": "1904",
				"zhr": 20
			},
			{
				"year": "1899",
				"zhr": 100
			},
			{
				"year": "1892",
				"zhr": 300
			},
			{
				"year": "1885",
				"zhr": 75000
			},
			{
				"year": "1872",
				"zhr": 7000
			},
			{
				"year": "1847",
				"zhr": 100
			},
			{
				"year": "1838",
				"zhr": 175
			},
			{
				"year": "1830",
				"zhr": 1000
			},
			{
				"year": "1825",
				"zhr": 300
			},
			{
				"year": "1798",
				"zhr": 100
			},
			{
				"year": "1741",
				"zhr": 300
			}
			],
			"speed": 19,
			"radiantAlpha": "26",
			"radiantDelta": "+37",
			"driftAlpha": "0",
			"driftDelta": "0",
			"parentObj": "Comet 3D/Biela",
			"pidx": 2.3
		},
		"APA":
		{
			"designation": "α-Pisces Australids",
			"activity":
			[
			{
				"year": "generic",
				"zhr": -1,
				"variable": "3-5",
				"start": "07.16",
				"finish": "08.13",
				"peak": "06.30"
			}
			],
			"radiantAlpha": "337",
			"radiantDelta": "-28",
			"driftAlpha": "0",
			"driftDelta": "0"
		},
		"ASC":
		{
			"designation": "α-Scorpiids",
			"activity":
			[
			{
				"year": "generic",
				"zhr": 5,
				"start": "04.20",
				"finish": "05.19",
				"peak": "04.28"
			}
			],
			"speed": 35,
			"radiantAlpha": "247",
			"radiantDelta": "-24",
			"driftAlpha": "0",
			"driftDelta": "0"
		},
		"AUR":
		{
			"designation": "α-Aurigids",
			"activity":
			[
			{
				"year": "generic",
				"zhr": 6,
				"start": "08.28",
				"finish": "09.05",
				"peak": "09.01"
			},
			{
				"year": "2014"
			},
			{
				"year": "2013"
			},
			{
				"year": "2012",
				"peak": "08.31"
			},
			{
				"year": "2011",
				"finish": "09.10"
			},
			{
				"year": "2009",
				"zhr": 7
			}
			],
			"speed": 66,
			"radiantAlpha": "91",
			"radiantDelta": "+39",
			"driftAlpha": "5",
			"driftDelta": "0.7",
			"pidx": 2.6
		},
		"CAP":
		{
			"designation": "α-Capricornids",
			"activity":
			[
			{
				"year": "generic",
				"zhr": 5,
				"start": "07.03",
				"finish": "08.15",
				"peak": "07.30"
			},
			{
				"year": "2014"
			},
			{
				"year": "2013"
			},
			{
				"year": "2012",
				"peak": "07.29"
			},
			{
				"year": "2011"
			},
			{
				"year": "2009",
				"zhr": 4
			},
			{
				"year": "2008",
				"zhr": 4
			},
			{
				"year": "2007",
				"zhr": 4
			}
			],
			"speed": 23,
			"radiantAlpha": "307",
			"radiantDelta": "-10",
			"driftAlpha": "5",
			"driftDelta": "1",
			"colors":
			[
			{
				"color": "white",
				"intensity": 60
			},
			{
				"color": "yellow",
				"intensity": 40
			}
			],
			"parentObj": "Comet 169P/NEAT",
			"pidx": 2.5
		},
		"COM":
		{
			"designation": "Comae Berenicids",
			"activity":
			[
			{
				"year": "generic",
				"zhr": 3,
				"start": "12.12",
				"finish": "12.23",
				"peak": "12.16"
			},
			{
				"year": "2014"
			},
			{
				"year": "2013"
			},
			{
				"year": "2012",
				"peak": "12.15"
			},
			{
				"year": "2011"
			}
			],
			"speed": 65,
			"radiantAlpha": "175",
			"radiantDelta": "+18",
			"driftAlpha": "2.5",
			"driftDelta": "-1.5",
			"pidx": 3.0
		},
		"DAU":
		{
			"designation": "δ-Aurigids",
			"activity":
			[
			{
				"year": "generic",
				"zhr": 3,
				"start": "09.18",
				"finish": "10.10",
				"peak": "09.28"
			},
			{
				"year": "2014",
				"zhr": 2,
				"start": "10.10",
				"finish": "10.18",
				"peak": "10.11"
			},
			{
				"year": "2013",
				"zhr": 2,
				"start": "10.10",
				"finish": "10.18",
				"peak": "10.11"
			},
			{
				"year": "2012",
				"zhr": 2,
				"start": "10.10",
				"finish": "10.18",
				"peak": "10.11"
			},
			{
				"year": "2011",
				"zhr": 2,
				"start": "10.10",
				"finish": "10.18",
				"peak": "10.11"
			}
			],
			"speed": 64,
			"radiantAlpha": "82",
			"radiantDelta": "+49",
			"driftAlpha": "5",
			"driftDelta": "-2",
			"pidx": 2.9
		},
		"DCA":
		{
			"designation": "δ-Cancrids",
			"activity":
			[
			{
				"year": "generic",
				"zhr": 4,
				"start": "12.14",
				"finish": "02.14",
				"peak": "01.17"
			}
			],
			"speed": 28,
			"radiantAlpha": "128",
			"radiantDelta": "20",
			"driftAlpha": "1.0",
			"driftDelta": "-0.2"
		},
		"DLE":
		{
			"designation": "δ-Leonids",
			"activity":
			[
			{
				"year": "generic",
				"zhr": 2,
				"start": "02.15",
				"finish": "03.10",
				"peak": "02.24"
			}
			],
			"speed": 23,
			"radiantAlpha": "168",
			"radiantDelta": "+16",
			"driftAlpha": "0",
			"driftDelta": "0",
			"parentObj": "Minor planet (4450) Pan",
			"pidx": 3.0
		},
		"DLM":
		{
			"designation": "December Leonis Minorids",
			"activity":
			[
			{
				"year": "generic",
				"zhr": 5,
				"start": "12.05",
				"finish": "02.04",
				"peak": "12.20"
			},
			{
				"year": "2014"
			},
			{
				"year": "2013",
				"peak": "12.19"
			},
			{
				"year": "2012",
				"peak": "12.19"
			},
			{
				"year": "2011"
			}
			],
			"speed": 64,
			"radiantAlpha": "161",
			"radiantDelta": "+30",
			"driftAlpha": "5",
			"driftDelta": "-2",
			"pidx": 3.0
		},
		"DRA":
		{
			"designation": "Draconids",
			"activity":
			[
			{
				"year": "generic",
				"zhr": -1,
				"variable": "20-700",
				"start": "10.06",
				"finish": "10.10",
				"peak": "10.08"
			},
			{
				"year": "2014"
			},
			{
				"year": "2013"
			},
			{
				"year": "2012"
			},
			{
				"year": "2011"
			},
			{
				"year": "1946",
				"zhr": 6800
			},
			{
				"year": "1933",
				"zhr": 6000
			}
			],
			"speed": 20,
			"radiantAlpha": "262",
			"radiantDelta": "+54",
			"driftAlpha": "0",
			"driftDelta": "0",
			"colors":
			[
			{
				"color": "white",
				"intensity": 50
			},
			{
				"color": "orangeYellow",
				"intensity": 30
			},
			{
				"color": "yellow",
				"intensity": 20
			}
			],
			"parentObj": "Comet 21P/Giacobini-Zinner",
			"pidx": 2.6
		},
		"ECR":
		{
			"designation": "η-Craterids",
			"activity":
			[
			{
				"year": "generic",
				"zhr": 4,
				"start": "01.11",
				"finish": "01.22",
				"peak": "01.16"
			}
			],
			"radiantAlpha": "176",
			"radiantDelta": "-17",
			"driftAlpha": "0",
			"driftDelta": "0"
		},
		"EGE":
		{
			"designation": "ε-Geminids",
			"activity":
			[
			{
				"year": "generic",
				"zhr": 3,
				"start": "10.14",
				"finish": "10.27",
				"peak": "10.18"
			},
			{
				"year": "2014"
			},
			{
				"year": "2013"
			},
			{
				"year": "2012"
			},
			{
				"year": "2011"
			}
			],
			"speed": 70,
			"radiantAlpha": "102",
			"radiantDelta": "+27",
			"driftAlpha": "5",
			"driftDelta": "0",
			"parentObj": "Comet C/1964 N1 (Ikeya)",
			"pidx": 3.0
		},
		"ELY":
		{
			"designation": "η-Lyrids",
			"activity":
			[
			{
				"year": "generic",
				"zhr": -1,
				"variable": "1-4",
				"start": "03.03",
				"finish": "03.12",
				"peak": "03.08"
			},
			{
				"year": "2014",
				"start": "05.03",
				"finish": "05.14",
				"peak": "05.08"
			},
			{
				"year": "2013",
				"start": "05.03",
				"finish": "05.14",
				"peak": "05.08"
			},
			{
				"year": "2012",
				"start": "05.03",
				"finish": "05.14",
				"peak": "05.08"
			},
			{
				"year": "2011",
				"start": "05.03",
				"finish": "05.14",
				"peak": "05.09"
			}
			],
			"speed": 44,
			"radiantAlpha": "287",
			"radiantDelta": "+44",
			"driftAlpha": "5",
			"driftDelta": "0.5",
			"pidx": 3.0
		},
		"ETA":
		{
			"designation": "η-Aquariids",
			"activity":
			[
			{
				"year": "generic",
				"zhr": -1,
				"variable": "40-85",
				"start": "04.19",
				"finish": "05.28",
				"peak": "05.06"
			},
			{
				"year": "2014",
				"zhr": 55
			},
			{
				"year": "2013",
				"zhr": 55
			},
			{
				"year": "2012",
				"zhr": 65,
				"peak": "05.05"
			},
			{
				"year": "2011",
				"zhr": 70
			},
			{
				"year": "2009",
				"zhr": 85
			},
			{
				"year": "2008",
				"zhr": 70
			}
			],
			"speed": 66,
			"radiantAlpha": "338",
			"radiantDelta": "-1",
			"driftAlpha": "5",
			"driftDelta": "2",
			"colors":
			[
			{
				"color": "white",
				"intensity": 70
			},
			{
				"color": "yellow",
				"intensity": 30
			}
			],
			"parentObj": "Comet 1P/Halley",
			"pidx": 2.4
		},
		"GAQ":
		{
			"designation": "γ-Aquariids",
			"activity":
			[
			{
				"year": "generic",
				"zhr": -1,
				"variable": "1-4",
				"start": "09.01",
				"finish": "09.14",
				"peak": "09.07"
			}
			],
			"radiantAlpha": "333",
			"radiantDelta": "-5",
			"driftAlpha": "0",
			"driftDelta": "0"
		},
		"GEM":
		{
			"designation": "Geminids",
			"activity":
			[
			{
				"year": "generic",
				"zhr": 120,
				"start": "12.07",
				"finish": "12.17",
				"peak": "12.14"
			},
			{
				"year": "2014",
				"start": "12.04"
			},
			{
				"year": "2013",
				"start": "12.04"
			},
			{
				"year": "2012",
				"peak": "12.13"
			},
			{
				"year": "2011"
			},
			{
				"year": "2010",
				"zhr": 127
			},
			{
				"year": "2009",
				"zhr": 120
			},
			{
				"year": "2008",
				"zhr": 139
			},
			{
				"year": "2007",
				"zhr": 122
			},
			{
				"year": "2006",
				"zhr": 115
			}
			],
			"speed": 35,
			"radiantAlpha": "112",
			"radiantDelta": "+33",
			"driftAlpha": "5",
			"driftDelta": "-0.1",
			"colors":
			[
			{
				"color": "white",
				"intensity": 65
			},
			{
				"color": "yellow",
				"intensity": 25
			},
			{
				"color": "greenBlue",
				"intensity": 10
			}
			],
			"parentObj": "Minor planet (3200) Phaethon",
			"pidx": 2.6
		},
		"GNO":
		{
			"designation": "γ-Normids",
			"activity":
			[
			{
				"year": "generic",
				"zhr": 6,
				"start": "02.25",
				"finish": "03.22",
				"peak": "03.15"
			},
			{
				"year": "2015",
				"peak": "03.15"
			},
			{
				"year": "2014",
				"peak": "03.14"
			},
			{
				"year": "2013",
				"peak": "03.14"
			},
			{
				"year": "2012",
				"peak": "03.14"
			},
			{
				"year": "2011"
			},
			{
				"year": "2010",
				"zhr": 6
			},
			{
				"year": "2008",
				"zhr": 4
			}
			],
			"speed": 56,
			"radiantAlpha": "239",
			"radiantDelta": "-50",
			"driftAlpha": "5",
			"driftDelta": "-0.3",
			"pidx": 2.4
		},
		"HYD":
		{
			"designation": "σ-Hydrids",
			"activity":
			[
			{
				"year": "generic",
				"zhr": 3,
				"start": "12.03",
				"finish": "12.15",
				"peak": "12.12"
			},
			{
				"year": "2014"
			},
			{
				"year": "2013"
			},
			{
				"year": "2012",
				"peak": "12.11"
			},
			{
				"year": "2011"
			}
			],
			"speed": 58,
			"radiantAlpha": "127",
			"radiantDelta": "+2",
			"driftAlpha": "4",
			"driftDelta": "-1",
			"pidx": 3.0
		},
		"JBO":
		{
			"designation": "June Bootids",
			"activity":
			[
			{
				"year": "generic",
				"zhr": -1,
				"variable": "0-100",
				"start": "06.22",
				"finish": "07.02",
				"peak": "06.27"
			},
			{
				"year": "2010",
				"zhr": 10
			},
			{
				"year": "2004",
				"zhr": 50
			},
			{
				"year": "1998",
				"zhr": 100
			}
			],
			"speed": 18,
			"radiantAlpha": "224",
			"radiantDelta": "48",
			"driftAlpha": "2",
			"driftDelta": "-1",
			"parentObj": "Comet 7P/Pons-Winnecke",
			"pidx": 2.2
		},
		"JLY":
		{
			"designation": "June Lyrids",
			"activity":
			[
			{
				"year": "generic",
				"zhr": -1,
				"variable": "0-5",
				"start": "06.11",
				"finish": "06.21",
				"peak": "06.16"
			}
			],
			"speed": 31,
			"radiantAlpha": "277",
			"radiantDelta": "+35",
			"driftAlpha": "4",
			"driftDelta": "0",
			"pidx": 3.0
		},
		"JSC":
		{
			"designation": "June Scutids",
			"activity":
			[
			{
				"year": "generic",
				"zhr": -1,
				"variable": "2-4",
				"start": "06.02",
				"finish": "07.29",
				"peak": "06.27"
			}
			],
			"radiantAlpha": "278",
			"radiantDelta": "-4",
			"driftAlpha": "0",
			"driftDelta": "0"
		},
		"KCG":
		{
			"designation": "κ-Cygnids",
			"activity":
			[
			{
				"year": "generic",
				"zhr": 3,
				"start": "08.03",
				"finish": "08.25",
				"peak": "08.18"
			},
			{
				"year": "2014"
			},
			{
				"year": "2013",
				"peak": "08.17"
			},
			{
				"year": "2012",
				"peak": "08.17"
			},
			{
				"year": "2011"
			}
			],
			"speed": 25,
			"radiantAlpha": "286",
			"radiantDelta": "+59",
			"driftAlpha": "1",
			"driftDelta": "0.5",
			"parentObj": "Minor planet 2008 ED69",
			"pidx": 3.0
		},
		"LEO":
		{
			"designation": "Leonids",
			"activity":
			[
			{
				"year": "generic",
				"zhr": -1,
				"variable": "5-20*",
				"start": "11.06",
				"finish": "11.30",
				"peak": "11.18"
			},
			{
				"year": "2014",
				"zhr": 15,
				"peak": "11.17"
			},
			{
				"year": "2013",
				"zhr": 15,
				"peak": "11.17"
			},
			{
				"year": "2012",
				"zhr": 15,
				"peak": "11.17"
			},
			{
				"year": "2011",
				"zhr": 20
			},
			{
				"year": "2010",
				"zhr": 32,
				"start": "11.10",
				"finish": "11.23",
				"peak": "11.17"
			},
			{
				"year": "2009",
				"zhr": 79,
				"start": "11.10",
				"finish": "11.21",
				"peak": "11.17"
			},
			{
				"year": "2008",
				"zhr": 99,
				"start": "11.14",
				"finish": "11.22",
				"peak": "11.17"
			},
			{
				"year": "2007",
				"zhr": 35
			},
			{
				"year": "2006",
				"zhr": 78
			},
			{
				"year": "2002",
				"zhr": 3000
			},
			{
				"year": "2001",
				"zhr": 3700
			},
			{
				"year": "2000",
				"zhr": 480
			},
			{
				"year": "1999",
				"zhr": 5000
			},
			{
				"year": "1998",
				"zhr": 2000
			},
			{
				"year": "1966",
				"zhr": 144000
			},
			{
				"year": "1901",
				"zhr": 400
			},
			{
				"year": "1898",
				"zhr": 100
			},
			{
				"year": "1868",
				"zhr": 1000
			},
			{
				"year": "1867",
				"zhr": 1000
			},
			{
				"year": "1866",
				"zhr": 5000
			},
			{
				"year": "1833",
				"zhr": 240000
			}
			],
			"speed": 71,
			"radiantAlpha": "152",
			"radiantDelta": "+22",
			"driftAlpha": "3",
			"driftDelta": "-1.25",
			"colors":
			[
			{
				"color": "blueGreen",
				"intensity": 50
			},
			{
				"color": "white",
				"intensity": 50
			}
			],
			"parentObj": "Comet 55P/Tempel-Tuttle",
			"pidx": 2.5
		},
		"LMI":
		{
			"designation": "Leonis Minorids",
			"activity":
			[
			{
				"year": "generic",
				"zhr": 2,
				"start": "10.19",
				"finish": "10.27",
				"peak": "10.24"
			},
			{
				"year": "2014"
			},
			{
				"year": "2013"
			},
			{
				"year": "2012"
			},
			{
				"year": "2011"
			}
			],
			"speed": 62,
			"radiantAlpha": "162",
			"radiantDelta": "+37",
			"driftAlpha": "5",
			"driftDelta": "-2",
			"pidx": 3.0
		},
		"LYR":
		{
			"designation": "Lyrids",
			"activity":
			[
			{
				"year": "generic",
				"zhr": -1,
				"variable": "0-90",
				"start": "04.16",
				"finish": "04.25",
				"peak": "04.22"
			},
			{
				"year": "2015",
				"zhr": 18
			},
			{
				"year": "2014",
				"zhr": 18
			},
			{
				"year": "2013",
				"zhr": 18
			},
			{
				"year": "2012",
				"zhr": 18
			},
			{
				"year": "2011",
				"zhr": 18
			},
			{
				"year": "2010",
				"zhr": 18
			},
			{
				"year": "2008",
				"zhr": 18
			},
			{
				"year": "2007",
				"zhr": 18
			},
			{
				"year": "1982",
				"zhr": 100
			},
			{
				"year": "1945",
				"zhr": 112
			},
			{
				"year": "1922",
				"zhr": 96
			}
			],
			"speed": 49,
			"radiantAlpha": "271",
			"radiantDelta": "34",
			"driftAlpha": "3",
			"driftDelta": "0",
			"parentObj": "Comet Thatcher (1861 I)",
			"pidx": 2.1
		},
		"MLI":
		{
			"designation": "May Librids",
			"activity":
			[
			{
				"year": "generic",
				"zhr": -1,
				"variable": "2-6",
				"start": "05.01",
				"finish": "05.09",
				"peak": "05.06"
			}
			],
			"radiantAlpha": "233",
			"radiantDelta": "-18",
			"driftAlpha": "0",
			"driftDelta": "0"
		},
		"MON":
		{
			"designation": "Monocerotids",
			"activity":
			[
			{
				"year": "generic",
				"zhr": 2,
				"start": "11.27",
				"finish": "12.17",
				"peak": "12.09"
			},
			{
				"year": "2014"
			},
			{
				"year": "2013"
			},
			{
				"year": "2012",
				"peak": "12.08"
			},
			{
				"year": "2011"
			}
			],
			"speed": 42,
			"radiantAlpha": "100",
			"radiantDelta": "+8",
			"driftAlpha": "4",
			"driftDelta": "0",
			"parentObj": "Minor planet 2004 TG10",
			"pidx": 3.0
		},
		"NIA":
		{
			"designation": "Northern ι-Aquariids",
			"activity":
			[
			{
				"year": "generic",
				"zhr": -1,
				"variable": "5-10",
				"start": "08.11",
				"finish": "09.10",
				"peak": "08.25"
			}
			],
			"radiantAlpha": "350",
			"radiantDelta": "0",
			"driftAlpha": "1.03",
			"driftDelta": "0.13"
		},
		"NTA":
		{
			"designation": "Northern Taurids",
			"activity":
			[
			{
				"year": "generic",
				"zhr": 5,
				"start": "09.25",
				"finish": "11.25",
				"peak": "11.12"
			},
			{
				"year": "2014",
				"start": "10.20",
				"finish": "12.10"
			},
			{
				"year": "2013",
				"start": "10.20",
				"finish": "12.10"
			},
			{
				"year": "2012",
				"start": "10.20",
				"finish": "12.10"
			},
			{
				"year": "2011",
				"start": "10.20",
				"finish": "12.10"
			}
			],
			"speed": 29,
			"radiantAlpha": "58",
			"radiantDelta": "+22",
			"driftAlpha": "5",
			"driftDelta": "1",
			"colors":
			[
			{
				"color": "yellow",
				"intensity": 80
			},
			{
				"color": "white",
				"intensity": 20
			}
			],
			"parentObj": "Comet C/1917 F1 (Mellish)",
			"pidx": 2.3
		},
		"OPH":
		{
			"designation": "Ophiuchids",
			"activity":
			[
			{
				"year": "generic",
				"zhr": 6,
				"start": "05.19",
				"finish": "07.02",
				"peak": "06.20"
			}
			],
			"radiantAlpha": "263",
			"radiantDelta": "-20",
			"driftAlpha": "0",
			"driftDelta": "0"
		},
		"ORI":
		{
			"designation": "Orionids",
			"activity":
			[
			{
				"year": "generic",
				"zhr": 25,
				"start": "10.02",
				"finish": "11.07",
				"peak": "10.21"
			},
			{
				"year": "2014",
				"zhr": 20
			},
			{
				"year": "2013",
				"zhr": 20
			},
			{
				"year": "2012"
			},
			{
				"year": "2011"
			}
			],
			"speed": 66,
			"radiantAlpha": "95",
			"radiantDelta": "+16",
			"driftAlpha": "3",
			"driftDelta": "0.5",
			"colors":
			[
			{
				"color": "white",
				"intensity": 50
			},
			{
				"color": "greenBlue",
				"intensity": 30
			},
			{
				"color": "yellow",
				"intensity": 20
			}
			],
			"pidx": 2.5
		},
		"PAU":
		{
			"designation": "Piscis Austrinids",
			"activity":
			[
			{
				"year": "generic",
				"zhr": 5,
				"start": "06.15",
				"finish": "08.10",
				"peak": "07.28"
			},
			{
				"year": "2014",
				"start": "07.15"
			},
			{
				"year": "2013",
				"start": "07.15"
			},
			{
				"year": "2012",
				"start": "07.15",
				"peak": "07.27"
			},
			{
				"year": "2011",
				"start": "07.15"
			},
			{
				"year": "2009",
				"zhr": 5
			},
			{
				"year": "2008",
				"zhr": 5
			}
			],
			"speed": 35,
			"radiantAlpha": "341",
			"radiantDelta": "-30",
			"driftAlpha": "4",
			"driftDelta": "1",
			"pidx": 3.2
		},
		"PER":
		{
			"designation": "Perseids",
			"activity":
			[
			{
				"year": "generic",
				"zhr": 100,
				"start": "07.17",
				"finish": "08.24",
				"peak": "08.13"
			},
			{
				"year": "2014"
			},
			{
				"year": "2013",
				"peak": "08.12"
			},
			{
				"year": "2012",
				"peak": "08.12"
			},
			{
				"year": "2011"
			},
			{
				"year": "2010",
				"zhr": 142
			},
			{
				"year": "2009",
				"zhr": 173
			},
			{
				"year": "2008",
				"zhr": 116
			},
			{
				"year": "2007",
				"zhr": 93
			},
			{
				"year": "2004",
				"zhr": 200
			},
			{
				"year": "1863",
				"zhr": 215
			}
			],
			"speed": 59,
			"radiantAlpha": "48",
			"radiantDelta": "+58",
			"driftAlpha": "6",
			"driftDelta": "1",
			"colors":
			[
			{
				"color": "white",
				"intensity": 70
			},
			{
				"color": "blueGreen",
				"intensity": 30
			}
			],
			"parentObj": "Comet 109P/Swift-Tuttle",
			"pidx": 2.2
		},
		"PHO":
		{
			"designation": "Phoenicids",
			"activity":
			[
			{
				"year": "generic",
				"zhr": -1,
				"variable": "0-100",
				"start": "11.28",
				"finish": "12.09",
				"peak": "12.06"
			},
			{
				"year": "2014"
			},
			{
				"year": "2013"
			},
			{
				"year": "2012"
			},
			{
				"year": "2011"
			}
			],
			"speed": 18,
			"radiantAlpha": "18",
			"radiantDelta": "-53",
			"driftAlpha": "4",
			"driftDelta": "-0.5",
			"parentObj": "Comet 289P/Blanpain",
			"pidx": 2.8
		},
		"PPU":
		{
			"designation": "π-Puppids",
			"activity":
			[
			{
				"year": "generic",
				"zhr": -1,
				"variable": "0-40",
				"start": "04.15",
				"finish": "04.28",
				"peak": "04.24"
			},
			{
				"year": "2015",
				"peak": "04.24",
				"zhr": 40
			},
			{
				"year": "2014",
				"peak": "04.23"
			},
			{
				"year": "2013",
				"peak": "04.23"
			},
			{
				"year": "2012",
				"peak": "04.23"
			},
			{
				"year": "2011"
			}
			],
			"speed": 18,
			"radiantAlpha": "110",
			"radiantDelta": "-45",
			"driftAlpha": "2.5",
			"driftDelta": "-0.5",
			"parentObj": "Comet 26P/Grigg-Skjellerup",
			"pidx": 2.0
		},
		"PUP":
		{
			"designation": "Puppid-Velids",
			"activity":
			[
			{
				"year": "generic",
				"zhr": 10,
				"start": "12.01",
				"finish": "12.15",
				"peak": "12.07"
			},
			{
				"year": "2014",
				"peak": "01.01"
			},
			{
				"year": "2013",
				"peak": "01.01"
			},
			{
				"year": "2012",
				"peak": "01.01"
			},
			{
				"year": "2011",
				"peak": "01.01"
			}
			],
			"speed": 40,
			"radiantAlpha": "123",
			"radiantDelta": "-45",
			"driftAlpha": "3",
			"driftDelta": "0",
			"pidx": 2.9
		},
		"PVI":
		{
			"designation": "π-Virginids",
			"activity":
			[
			{
				"year": "generic",
				"zhr": -1,
				"variable": "2-5",
				"start": "02.13",
				"finish": "04.08",
				"peak": "03.03"
			}
			],
			"radiantAlpha": "182",
			"radiantDelta": "3",
			"driftAlpha": "0",
			"driftDelta": "0"
		},
		"QUA":
		{
			"designation": "Quadrantids",
			"activity":
			[
			{
				"year": "generic",
				"zhr": -1,
				"variable": "60-200",
				"start": "12.28",
				"finish": "01.12",
				"peak": "01.04"
			},
			{
				"year": "2014",
				"zhr": 120,
				"peak": "01.03"
			},
			{
				"year": "2013",
				"zhr": 120,
				"peak": "01.03"
			},
			{
				"year": "2012",
				"zhr": 120
			},
			{
				"year": "2011",
				"zhr": 120
			},
			{
				"year": "2009",
				"zhr": 120,
				"start": "01.01",
				"finish": "01.05",
				"peak": "01.03"
			},
			{
				"year": "2008",
				"zhr": 120
			}
			],
			"speed": 41,
			"radiantAlpha": "230",
			"radiantDelta": "49",
			"driftAlpha": "3",
			"driftDelta": "-1",
			"colors":
			[
			{
				"color": "white",
				"intensity": 70
			},
			{
				"color": "blueGreen",
				"intensity": 30
			}
			],
			"parentObj": "Minor planet 2003 EH1 and Comet C/1490 Y1",
			"pidx": 2.1
		},
		"RGE":
		{
			"designation": "ρ-Geminids",
			"activity":
			[
			{
				"year": "generic",
				"zhr": 4,
				"start": "12.28",
				"finish": "01.28",
				"peak": "01.08"
			}
			],
			"speed": 71,
			"radiantAlpha": "108",
			"radiantDelta": "32",
			"driftAlpha": "1.1",
			"driftDelta": "-0.2"
		},
		"SDA":
		{
			"designation": "Southern δ-Aquariids",
			"activity":
			[
			{
				"year": "generic",
				"zhr": 16,
				"start": "07.12",
				"finish": "08.23",
				"peak": "07.30"
			},
			{
				"year": "2014"
			},
			{
				"year": "2013"
			},
			{
				"year": "2012",
				"peak": "07.29"
			},
			{
				"year": "2011"
			},
			{
				"year": "2009",
				"zhr": 20,
				"start": "07.12",
				"finish": "08.19",
				"peak": "07.28"
			},
			{
				"year": "2008",
				"zhr": 20,
				"start": "07.12",
				"finish": "08.19",
				"peak": "07.27"
			},
			{
				"year": "2007",
				"zhr": 20,
				"start": "07.12",
				"finish": "08.19",
				"peak": "07.28"
			}
			],
			"speed": 41,
			"radiantAlpha": "339",
			"radiantDelta": "-16",
			"driftAlpha": "4",
			"driftDelta": "0.5",
			"colors":
			[
			{
				"color": "white",
				"intensity": 60
			},
			{
				"color": "yellow",
				"intensity": 40
			}
			],
			"parentObj": "Comet 96P/Machholz",
			"pidx": 3.2
		},
		"SIA":
		{
			"designation": "Southern ι-Aquariids",
			"activity":
			[
			{
				"year": "generic",
				"zhr": -1,
				"variable": "7-8",
				"start": "07.01",
				"finish": "09.18",
				"peak": "08.06"
			}
			],
			"radiantAlpha": "337",
			"radiantDelta": "12",
			"driftAlpha": "1.07",
			"driftDelta": "0.18"
		},
		"SPE":
		{
			"designation": "September ε-Perseids",
			"activity":
			[
			{
				"year": "generic",
				"zhr": 5,
				"start": "09.04",
				"finish": "09.14",
				"peak": "09.09"
			},
			{
				"year": "2014",
				"start": "09.05",
				"finish": "09.21"
			},
			{
				"year": "2013",
				"start": "09.05",
				"finish": "09.21"
			},
			{
				"year": "2012",
				"start": "09.05",
				"finish": "09.21"
			},
			{
				"year": "2011",
				"start": "09.05",
				"finish": "09.21",
				"peak": "09.10"
			}
			],
			"speed": 64,
			"radiantAlpha": "47",
			"radiantDelta": "+40",
			"driftAlpha": "5",
			"driftDelta": "0.1",
			"pidx": 3.0
		},
		"STA":
		{
			"designation": "Southern Taurids",
			"activity":
			[
			{
				"year": "generic",
				"zhr": 5,
				"start": "09.25",
				"finish": "11.25",
				"peak": "11.05"
			},
			{
				"year": "2014",
				"start": "09.10",
				"finish": "11.20",
				"peak": "10.10"
			},
			{
				"year": "2013",
				"start": "09.10",
				"finish": "11.20",
				"peak": "10.10"
			},
			{
				"year": "2012",
				"start": "09.10",
				"finish": "11.20",
				"peak": "10.10"
			},
			{
				"year": "2011",
				"start": "09.10",
				"finish": "11.20",
				"peak": "10.10"
			}
			],
			"speed": 27,
			"radiantAlpha": "52",
			"radiantDelta": "+15",
			"driftAlpha": "3",
			"driftDelta": "1",
			"colors":
			[
			{
				"color": "yellow",
				"intensity": 80
			},
			{
				"color": "white",
				"intensity": 20
			}
			],
			"parentObj": "Comet 2P/Encke",
			"pidx": 2.3
		},
		"TCE":
		{
			"designation": "θ-Centaurids",
			"activity":
			[
			{
				"year": "generic",
				"zhr": 4,
				"start": "01.23",
				"finish": "03.12",
				"peak": "02.14"
			}
			],
			"speed": 60,
			"radiantAlpha": "210",
			"radiantDelta": "-40",
			"driftAlpha": "0",
			"driftDelta": "0"
		},
		"THE":
		{
			"designation": "τ-Herculids",
			"activity":
			[
			{
				"year": "generic",
				"zhr": -1,
				"variable": "1-72",
				"start": "05.19",
				"finish": "06.19",
				"peak": "06.09"
			}
			],
			"speed": 15,
			"radiantAlpha": "236",
			"radiantDelta": "41",
			"driftAlpha": "0",
			"driftDelta": "0",
			"parentObj": "Comet Schwassmann-Wachmann 3"
		},
		"TOP":
		{
			"designation": "θ-Ophiuchids",
			"activity":
			[
			{
				"year": "generic",
				"zhr": 10,
				"start": "05.21",
				"finish": "06.16",
				"peak": "06.10"
			}
			],
			"radiantAlpha": "265",
			"radiantDelta": "-28",
			"driftAlpha": "0",
			"driftDelta": "0"
		},
		"TVI":
		{
			"designation": "θ-Virginids",
			"activity":
			[
			{
				"year": "generic",
				"zhr": -1,
				"variable": "1-3",
				"start": "03.10",
				"finish": "04.21",
				"peak": "03.20"
			}
			],
			"radiantAlpha": "194",
			"radiantDelta": "-2",
			"driftAlpha": "0.9",
			"driftDelta": "-0.31"
		},
		"URS":
		{
			"designation": "Ursids",
			"activity":
			[
			{
				"year": "generic",
				"zhr": -1,
				"variable": "10-50",
				"start": "12.17",
				"finish": "12.26",
				"peak": "12.23"
			},
			{
				"year": "2014",
				"zhr": 10,
				"peak": "12.22"
			},
			{
				"year": "2013",
				"zhr": 10,
				"peak": "12.22"
			},
			{
				"year": "2012",
				"zhr": 10
			},
			{
				"year": "2011",
				"zhr": 10
			}
			],
			"speed": 33,
			"radiantAlpha": "217",
			"radiantDelta": "+76",
			"driftAlpha": "0",
			"driftDelta": "-2",
			"parentObj": "Comet 8P/Tuttle",
			"pidx": 3.0
		},
		"XOR":
		{
			"designation": "χ-Orionids",
			"activity":
			[
			{
				"year": "generic",
				"zhr": 3,
				"start": "12.02",
				"finish": "12.18",
				"peak": "12.10"
			}
			],
			"radiantAlpha": "88",
			"radiantDelta": "20",
			"driftAlpha": "0",
			"driftDelta": "0"
		}
	}
}
