{
  "date": "2016.04.17",
  "series": "0.15",
  "add-ons": {
    "textures1024": {
      "description": "Pack of textures from Celestia and Space Engine projects (middle resolution).",
      "license": "",
      "title": "1K Textures",
      "checksum": "2d7157c3cec1e28f1a6d38488b4a8507",
      "license-url": "",
      "supported": [
        "0.10",
        "0.11",
        "0.12",
        "0.13",
        "0.14",
        "0.15"
      ],
      "download-url": "https://cdn.rawgit.com/Stellarium/stellarium-addons/master/addons/zip/textures/textures1024.zip",
      "download-filename": "textures1024.zip",
      "authors": [
        {
          "url": "http://stellarium.org",
          "name": "Stellarium Team",
          "email": ""
        }
      ],
      "date": "2016.03.01",
      "type": "texture",
      "download-size": 20442818
    },
    "mars_husband_hill": {
      "description": "Johan transformed this Mars image from NASA into a spherical panorama that can be used with Stellarium. Mars rover Spirit made this image during August 24 to 27, 2005. Image credit: NASA/JPL-Caltech/Cornell.",
      "license": "Public Domain",
      "title": "Husband Hill, Mars",
      "checksum": "0162b8ec1108b26df437c82dee39ade4",
      "license-url": "",
      "supported": [
        "0.10",
        "0.11",
        "0.12",
        "0.13",
        "0.14",
        "0.15"
      ],
      "download-url": "https://cdn.rawgit.com/Stellarium/stellarium-addons/master/addons/zip/landscapes/mars_husband_hill.zip",
      "download-filename": "mars_husband_hill.zip",
      "authors": [
        {
          "url": "",
          "name": "Johan",
          "email": ""
        }
      ],
      "date": "2016.02.01",
      "type": "landscape",
      "download-size": 1823928
    },
    "addons": {
      "authors": [
        {
          "url": "http://cardinot.net",
          "name": "Marcos Cardinot",
          "email": "mcardinot@gmail.com"
        }
      ],
      "description": "Catalog of add-ons.",
      "licence": "GPL3",
      "title": "Add-ons 0.15",
      "date": "2016.04.17",
      "download-url": "https://cdn.rawgit.com/Stellarium/stellarium-addons/master/addons/zip/addon/0.15.zip",
      "license-url": "http://www.gnu.org/licenses/gpl.html",
      "supported": [
        "0.15"
      ],
      "type": "addon_catalog",
      "download-filename": "0.15.zip"
    },
    "showers": {
      "description": "Meteor showers catalog.",
      "license": "GPL3",
      "title": "Meteor Showers",
      "checksum": "edf7a16b7521a336b9270d774824b1af",
      "license-url": "http://www.gnu.org/licenses/gpl.html",
      "supported": [
        "0.13",
        "0.14",
        "0.15"
      ],
      "download-url": "https://cdn.rawgit.com/Stellarium/stellarium-addons/master/addons/zip/modules/MeteorShowers.zip",
      "download-filename": "MeteorShowers.zip",
      "authors": [
        {
          "url": "http://cardinot.net",
          "name": "Marcos Cardinot",
          "email": "mcardinot@gmail.com"
        }
      ],
      "date": "2016.03.01",
      "type": "plugin_catalog",
      "download-size": 32072
    },
    "solar_type_stars": {
      "license": "Public Domain",
      "description": "This script is meant for a tour the 27 stars that are of the solar spectral type G2V greater than magnitude Vmag=6.5. The program was generated using data from Hipparcos Catalog. All G2V stars brighter than Vmag = 6.5 HIP=Hipparos Identifier. HIP 71683 Alpha Centauri A is the only star with known extrasolar planet in this list. CSPAR-The University of Alabama in Huntsville.",
      "language": "English",
      "title": "Solar Type Stars",
      "checksum": "1a3caf85da739a7946e085cccce9881a",
      "license-url": "",
      "supported": [
        "0.10",
        "0.11",
        "0.12",
        "0.13",
        "0.14",
        "0.15"
      ],
      "download-url": "https://cdn.rawgit.com/Stellarium/stellarium-addons/master/addons/zip/scripts/solar_type_stars.zip",
      "download-filename": "solar_type_stars.zip",
      "authors": [
        {
          "url": "",
          "name": "Allen Gary",
          "email": ""
        }
      ],
      "date": "2016.02.01",
      "type": "script",
      "download-size": 9187
    },
    "cap_masoala": {
      "description": "This panorama was photographed from the abandoned French lighthouse at the southernmost point of the Masoala peninsula in Madagascar. It provides a spectacular view over the Indian Ocean and the Masoala peninsula that is still mainly covered with rainforest.",
      "license": "GPLv2",
      "title": "Cap Masoala, Madagascar",
      "checksum": "fdeedfbb97baca1f4341ea975545cd62",
      "license-url": "http://www.gnu.org/licenses/gpl-2.0.html",
      "supported": [
        "0.10",
        "0.11",
        "0.12",
        "0.13",
        "0.14",
        "0.15"
      ],
      "download-url": "https://cdn.rawgit.com/Stellarium/stellarium-addons/master/addons/zip/landscapes/cap_masoala.zip",
      "download-filename": "cap_masoala.zip",
      "authors": [
        {
          "url": "http://www.domani.ch",
          "name": "Matthias D. Frei",
          "email": "matthias@domani.ch"
        }
      ],
      "date": "2016.02.01",
      "type": "landscape",
      "download-size": 3206991
    },
    "textures512": {
      "description": "Pack of textures from Celestia and Space Engine projects (low resolution).",
      "license": "",
      "title": "0.5K Textures",
      "checksum": "b0faf2215cf420ab690ebd8735e81960",
      "license-url": "",
      "supported": [
        "0.10",
        "0.11",
        "0.12",
        "0.13",
        "0.14",
        "0.15"
      ],
      "download-url": "https://cdn.rawgit.com/Stellarium/stellarium-addons/master/addons/zip/textures/textures512.zip",
      "download-filename": "textures512.zip",
      "authors": [
        {
          "url": "http://stellarium.org",
          "name": "Stellarium Team",
          "email": ""
        }
      ],
      "date": "2016.03.01",
      "type": "texture",
      "download-size": 9469762
    },
    "milkyway_norman": {
      "description": "A better Milky Way texture, which based on Nick Risinger's Photopic Sky Survey.",
      "license": "CC-BY-NC 2.0",
      "title": "Milky Way",
      "checksum": "20bb7a31d89611b6a1b99eedfd877c39",
      "license-url": "http://creativecommons.org/licenses/by-nc/2.0/",
      "supported": [
        "0.10",
        "0.11",
        "0.12",
        "0.13",
        "0.14",
        "0.15"
      ],
      "download-url": "https://cdn.rawgit.com/Stellarium/stellarium-addons/master/addons/zip/textures/milkway_norman.zip",
      "download-filename": "milkway_norman.zip",
      "authors": [
        {
          "url": "http://www.lonelyspeck.com",
          "name": "Ian Norman",
          "email": ""
        }
      ],
      "date": "2016.03.01",
      "type": "texture",
      "download-size": 6391791
    },
    "mars_opportunity_rover": {
      "description": "This panorama provides the team's highest resolution view yet of the finely-layered outcrop rocks, wind ripples, and small cobbles and grains along the rim of the wide but shallow \"Erebus\" crater. Once the arm diagnostics and testing are completed, the team hopes to explore other layered outcrop rocks at Erebus and then eventually continue southward toward the large crater known as \"Victoria.\"",
      "license": "Public Domain",
      "title": "Mars Opportunity Rover",
      "checksum": "f2cd22a919cfd33ced12d5d60ed38145",
      "license-url": "",
      "supported": [
        "0.10",
        "0.11",
        "0.12",
        "0.13",
        "0.14",
        "0.15"
      ],
      "download-url": "https://cdn.rawgit.com/Stellarium/stellarium-addons/master/addons/zip/landscapes/mars_opportunity_rover.zip",
      "download-filename": "mars_opportunity_rover.zip",
      "authors": [
        {
          "url": "",
          "name": "Michael Smith",
          "email": "lone_hiker@hotmail.com"
        }
      ],
      "date": "2016.02.01",
      "type": "landscape",
      "download-size": 2279811
    }
  },
  "name": "Add-ons Catalog",
  "format": 1
}