{
  "mars_husband_hill":
  {
    "type": "landscape",
    "title": "Husband Hill, Mars",
    "date": "2016.02.01",
    "description": "Johan transformed this Mars image from NASA into a spherical panorama that can be used with Stellarium. Mars rover Spirit made this image during August 24 to 27, 2005. Image credit: NASA/JPL-Caltech/Cornell.",
    "supported": ["0.10","0.11","0.12","0.13","0.14","0.15"],
    "license": "Public Domain",
    "license-url": "",
    "authors": [
    {
      "name": "Johan",
      "email": "",
      "url": ""
    }
    ]
  }
}
